timestamp,zone,mm_presence,mm_target_count,mm_frame_count,mm_avg_velocity,mm_avg_distance
1787402035000,zone_A,1,0,88,,
1787402035000,zone_B,0,0,88,,
1787402035000,zone_C,0,0,88,,
1787402035000,zone_D,0,0,88,,
1787402040000,zone_A,1,0,197,,
1787402040000,zone_B,0,0,197,,
1787402040000,zone_C,0,0,197,,
1787402040000,zone_D,0,0,197,,
1787402045000,zone_A,1,0,203,,
1787402045000,zone_B,0,0,203,,
1787402045000,zone_C,0,0,203,,
1787402045000,zone_D,0,0,203,,
1787402050000,zone_A,1,0,200,,
1787402050000,zone_B,0,0,200,,
1787402050000,zone_C,0,0,200,,
1787402050000,zone_D,0,0,200,,
1787402055000,zone_A,1,0,200,,
1787402055000,zone_B,0,0,200,,
1787402055000,zone_C,0,0,200,,
1787402055000,zone_D,0,0,200,,
1787402060000,zone_A,1,0,199,,
1787402060000,zone_B,0,0,199,,
1787402060000,zone_C,0,0,199,,
1787402060000,zone_D,0,0,199,,
1787402065000,zone_A,1,0,201,,
1787402065000,zone_B,0,0,201,,
1787402065000,zone_C,0,0,201,,
1787402065000,zone_D,0,0,201,,
1787402070000,zone_A,1,0,200,,
1787402070000,zone_B,0,0,200,,
1787402070000,zone_C,0,0,200,,
1787402070000,zone_D,0,0,200,,
1787402075000,zone_A,1,0,200,,
1787402075000,zone_B,0,0,200,,
1787402075000,zone_C,0,0,200,,
1787402075000,zone_D,0,0,200,,
1787402080000,zone_A,1,0,160,,
1787402080000,zone_B,0,0,160,,
1787402080000,zone_C,0,0,160,,
1787402080000,zone_D,0,0,160,,
